"pathway","pval","padj","ES","NES","nMoreExtreme","size","leadingEdge"
"HALLMARK_ALLOGRAFT_REJECTION",0.0989010989010989,1,-0.369275284630682,-1.10630770767577,8,200,"CXCL13,CCL13,INHBA,THY1,TLR3,CCL2,IFNGR2,SOCS1,IL12A,KRT1,ICOSLG,CCL19,TLR1,PSMB10,CD86,RPL9,CD96,UBE2D1,IRF4,HLA-G,IL2,CD74,HCLS1,BCL3,EREG,NCK1,HLA-DQA1,CD40,EIF3J,CFP,HLA-DMA,RPL39,CD8B,CD80,SIT1,CD28,BRCA1,SOCS5,IRF7,FASLG,IFNG,GZMB,HLA-DRA,IL12RB1,GPR65,JAK2,CCL22,F2,EGFR,RPS19,FAS,CSF1,IL15,CD247,ITGB2,IL12B,CCR1,NCF4,WAS,DYRK3,CARTPT,IL2RB,INHBB,GALNT1,PTPRC,IGSF6,CCL11,HDAC9,IL6,KLRD1,TAP2,IL18,LIF,LTB,CD79A"
"HALLMARK_PANCREAS_BETA_CELLS",0.394495412844037,1,-0.428182658400575,-1.02505583817287,515,40,"MAFB,PCSK2,CHGA,SRPRB,PCSK1,SYT13,G6PC2,ISL1,PAX6,INSM1,SLC2A2,NEUROD1,DPP4,NKX2-2,PKLR,SPCS1,NKX6-1,HNF1A,SCGN"
"HALLMARK_INFLAMMATORY_RESPONSE",0.56043956043956,1,-0.327568434388027,-0.981358620079849,50,200,"CXCL8,CSF3,HPN,P2RY2,INHBA,CCL24,TLR3,CCL2,HAS2,KIF1B,IFNGR2,ATP2A2,AXL,ICOSLG,CALCRL,ITGB8,TLR1,NOD2,ITGB3,AHR,FZD5,TNFSF9,RTP4,CD48,NMUR1,ICAM4,TACR1,TNFSF10,SLC4A4,CD55,IRF1,EREG,CD40,OPRK1,GCH1,PTGIR,ADORA2B,CXCL6,HBEGF,PDPN,IRF7,APLNR,KCNMB2,EIF2AK2,LY6E,NMI,SELL,CCL22,CCL20,BDKRB1,TACR3,CYBB,TNFRSF1B,CSF1,SLC11A2,IL15,MXD1,SLAMF1,IL12B,LPAR1,HRH1,OLR1,IL1R1,IL2RB"
"HALLMARK_KRAS_SIGNALING_DN",0.658823529411765,1,-0.323767676846602,-0.962542249090226,55,199,"TENT5C,PRKN,KLK8,SELENOP,KRT5,SLC38A3,GPRC5C,SSTR4,CNTFR,KRT1,ADRA2C,CALCB,SPTBN2,ITGB1BP2,PKP1,SYNPO,CYP39A1,KCNE2,FSHB,HTR1B,ZBTB16,CLSTN3,SPRR3,NPHS1,CALML5,KRT13,CLPS,PCDHB1,CD80,AMBN,ABCB11,MFSD6,PLAG1,IFI44L,IFNG,CDH16,BRDT,NTF3,MAGIX,ASB7,TENM2,YPEL1,SLC5A5,SLC6A14,FGF22,ALOX12B,CAMK1D,IL12B,EFHD1,DCC,CACNG1,KCNQ2,CPA2,CLDN8,SERPINB2,KRT4,FGGY,CACNA1F,IGFBP2,YBX2,LFNG,CAPN9,C5,GP2,ARHGDIG,GPR3,IRS4,ZC2HC1C,SMPX,CLDN16,MYOT,PDE6B,KCNMB1,SNCB,TLX1,TFAP2B,ITIH3,P2RY4,HNF1A,PTPRJ,MSH5,VPS50,BMPR1B,PDK2,SLC25A23,LGALS7,HTR1D"
"HALLMARK_SPERMATOGENESIS",0.7890625,1,-0.32013297888532,-0.915316384372685,201,134,"CDKN3,AURKA,HSPA4L,HSPA1L,SEPTIN4,HOXB1,TNP1,MTNR1A,MLF1,NAA11,OAZ3,PSMG1,IL13RA2,GSG1,SCG3,ZNRF4,MEP1B,NEK2,PACRG,GPR182,SCG5,ACRV1,SYCP1,GSTM3,IFT88,TSSK2,CNIH2,DPEP3,HTR5A,COIL,DMC1,CHRM4,NPY5R,DCC,TEKT2,SNAP91,YBX2,SHE,ACTL7B,STRBP,TULP2,SPATA6,DDX25,GAD1,ZC2HC1C,GRM8,DMRT1,TALDO1,SLC2A5,ADAM2,ZC3H14,IL12RB2"
"HALLMARK_APICAL_JUNCTION",0.882352941176471,1,-0.302125764238793,-0.89820211656364,74,199,"COL17A1,ACTN3,CRB3,PIK3R3,IRS1,ARHGEF6,MYH10,FBN1,VCAM1,PIK3CB,THY1,WASL,KRT31,CADM3,CD209,LAMC2,NFASC,VWF,LAMB3,CDH8,SYK,CD86,ICAM4,PTEN,ACTN2,CLDN4,ICAM2,TRAF1,ATP1A3,NECTIN4,EPB41L2,SDC3,MAPK14,VCAN,AMH,PPP2R2C,PALS1,AMIGO1,CLDN9,ADAMTS5,MADCAM1"
"HALLMARK_IL6_JAK_STAT3_SIGNALING",0.902930402930403,1,-0.315096043340461,-0.849759718803482,492,87,"CXCL13,SOCS3,LEPR,CXCL1,CXCL3,PIM1,IFNGR2,SOCS1,CNTFR,ITGB3,IRF1,GRB2,IL13RA1,IL12RB1,CSF2,TNFRSF1B,FAS,CSF1,ITGA4,CCR1,IL9R,MAP3K8,IL1R1,ACVRL1,IL6,EBI3,CSF2RA,LTB,IL6ST"
"HALLMARK_ANGIOGENESIS",0.905172413793103,1,-0.319240494283003,-0.743930947190438,1259,36,"FSTL1,LPL,COL5A2,PRG2,STC1,ITGAV,VTN,VCAN,CXCL6,KCNJ8,VEGFA"
"HALLMARK_MYC_TARGETS_V1",0.931994753304409,1,0.38505353481869,0.782190023069842,9236,200,"U2AF1,RACK1,HNRNPR,TRIM28,UBE2E1,PSMC4,ODC1,RPS2,YWHAE,PPIA,HNRNPA3,HSP90AB1,DDX18,XPOT,PSMD14,ILF2,RNPS1,CANX,SET,PHB1,DEK,SYNCRIP,PCBP1,FBL,USP1,PA2G4,H2AZ1,DDX21,GNL3,NOP16,DHX15,SRSF2,KARS1,PSMD1,HDGF,PSMD8,MCM7,HNRNPU,EIF3D,POLD2,TYMS,TRA2B,PPM1G,NPM1,HNRNPA1,PSMD3,PSMC6,SMARCC1,IFRD1,PSMD7,CAD,SNRPB2,PSMA7,PSMA2,SNRPA,HNRNPD,SSB,EIF4A1,EIF4H,SNRPA1,ERH,PRDX4,SRSF7,NAP1L1,PSMB3,IMPDH2,KPNB1,CCT2,SRM,RSL1D1,PRPF31,LSM7,RAD23B,PHB2,APEX1,EIF3B,RPS5,RANBP1,ABCE1,CBX3,NOP56,CSTF2,PSMB2,RPLP0,CDC45,XRCC6,UBE2L3,HNRNPA2B1,STARD7,SRSF3,RPS10"
"HALLMARK_BILE_ACID_METABOLISM",0.941489361702128,1,-0.289717202019571,-0.816965822520787,353,111,"RXRG,NUDT12,ABCA8,NEDD4,HACL1,BBOX1,EPHX2,PEX11A,CYP7A1,ISOC1,RETSAT,OPTN,PEX7,HSD17B6,CYP39A1,ALDH9A1,NR0B2,PEX11G,AMACR,FDXR,CROT,HAO1,HSD17B11,MLYCD,SOAT2,ABCA5,EFHC1,CYP46A1,GNPAT,ACSL5,CH25H,ALDH1A1,KLF1,LIPE,PXMP2,GC,DIO1"
"HALLMARK_MYC_TARGETS_V2",0.951235657546337,1,0.347969056289415,0.659350672388437,8621,58,"MAP3K6,NOP2,PPRC1,FARSA,MYBBP1A,IPO4,DDX18,PES1,PHB1,PA2G4,PPAN,GNL3,NOP16,NOC4L,UTP20,RRP12,WDR74,NPM1,TCOF1,SRM,WDR43,GRWD1,CBX3,NOP56,EXOSC5"
"HALLMARK_APICAL_SURFACE",0.959183673469388,1,-0.28829251787767,-0.70231791736425,1174,44,"SRPX,THY1,MDGA1,PCSK9,BRCA1,CD160,CROCC,GSTM3,PKHD1,RHCG,RTN4RL1,IL2RB,SLC22A12,FLOT2,ADIPOR2,EPHB4"
"HALLMARK_REACTIVE_OXYGEN_SPECIES_PATHWAY",0.962015329125338,1,0.341677326531528,0.637002860075466,8534,49,"PFKP,MBP,GSR,ABCC1,NQO1,GPX4,GCLC,SCAF4,EGLN2,SRXN1,PRDX1,PRDX4,GPX3,CDKN2D,GCLM,SOD1,NDUFS2,PRDX6,TXNRD2,MSRA,PTPA"
"HALLMARK_ESTROGEN_RESPONSE_EARLY",0.989010989010989,1,-0.279457129916954,-0.837222499472925,89,200,"CYP26B1,TBC1D30,CCN5,SLC1A1,RETREG1,P2RY2,PAPSS2,KCNK15,CISH,SLC16A1,AKAP1,CCND1,RHOD,PRSS23,KLF4,SEMA3B,KAZN,FHL2,PEX11A,TOB1,ABLIM1,TSKU,KLK10,MYBL1,RPS6KA2,CA12,GJA1,KRT13,LRIG1,SLC39A6,ESRP2,TIAM1,SOX3,PPIF,KCNK5,BAG1,TUBB2B,EGR3,SLC19A2,BCL2,JAK2,TMEM164,NAV2,ELOVL5,BCL11B,NRIP1,THSD4,MPPED2,MED13L,SCARB1,SIAH2,PDZK1,HES1,OLFM1,INHBB,MINDY1,DHCR7,NXT1,CHPT1,CANT1,BLVRB,FCMR"
"HALLMARK_NOTCH_SIGNALING",0.990053050397878,1,-0.246657726848707,-0.563100822732646,1492,32,"CCND1,MAML2,FZD5,WNT5A,NOTCH3,ST3GAL6,WNT2,HES1,LFNG"
"HALLMARK_TGF_BETA_SIGNALING",0.992521486773077,1,0.290652994537312,0.546558371177856,8891,54,"TGIF1,SMAD6,SMAD1,TJP1,SERPINE1,CDK9,TGFB1,ID2,WWTR1,BMP2,LEFTY2,NCOR2,TGFBR1,THBS1,CTNNB1"
"HALLMARK_HEDGEHOG_SIGNALING",0.997844827586207,1,-0.220799134969986,-0.514531560245729,1388,36,"THY1,CNTFR,SLIT1,RTN1,OPHN1,VEGFA,HEY1,ADGRG1,TLE3"
"HALLMARK_CHOLESTEROL_HOMEOSTASIS",0.998501391564975,1,0.275326005195728,0.532637333731175,9327,74,"CBS,TRIB3,SCD,LGALS3,MVK,FASN,NFIL3,TP53INP1,ATF3,CHKA,ACAT2,CTNNB1,LDLR,STX5,PMVK,CPEB2,ACTG1,CD9,GUSB,S100A11,ERRFI1,PPARG,PNRC1"
"HALLMARK_UNFOLDED_PROTEIN_RESPONSE",0.999274009541589,1,0.281813147263418,0.560107440561634,9634,113,"DDIT4,CHAC1,EIF4EBP1,ASNS,FUS,DCP2,PSAT1,ARFGAP1,NOP14,EIF4G1,XPOT,TARS1,EDC4,CKS1B,DDX10,TSPYL2,ATF3,EXOSC1,SDAD1,PARN,YWHAZ,EXOSC10,NFYA,EXOSC4,EXOSC2,NPM1,DCTN1,CXXC1,PREB,SEC31A,MTHFD2,EXOSC9,SHC1,SRPRA,EIF4A1,DNAJB9,CEBPB,ATF4,SLC7A5,TATDN2"
"HALLMARK_WNT_BETA_CATENIN_SIGNALING",0.999428702010969,1,0.236617209619307,0.435121469684233,8746,42,"FZD8,DLL1,PSEN2,CSNK1E,KAT2A,NCOR2,RBPJ,DVL2,CTNNB1,HEY2,PTCH1,NUMB,TP53,JAG2,DKK4,AXIN1,JAG1,LEF1"
"HALLMARK_ADIPOGENESIS",1,1,-0.174132961420191,-0.517687046337069,84,199,"MTARC2,LPL,SLC66A3,C3,DHRS7B,SSPN,ACAA2,GPAM,DNAJC15,EPHX2,ANGPT1,LIFR,BCL6,TOB1,RETSAT,CMBL,CPT2,PLIN2,TST,CYP4B1,MRAP,ECH1,ANGPTL4,SDHB,COQ3,MRPL15,PPM1B,NKIRAS1,SOWAHC,PTCD3,TANK,NDUFAB1,ELMOD3,SUCLG1,PRDX3,NABP1,UQCR11,SCARB1,UQCR10,ME1,LIPE,HIBCH,CHCHD10,DHCR7,LAMA4,COX7B,HADH,ACADS,UQCRQ,BCL2L13,MCCC1,TALDO1,DECR1,DLAT,STOM,ETFB,DDT,PGM1,ADIPOR2,PHLDB1,AK2,UCP2,RNF11,ATL2,PHYH,SORBS1,FABP4,APLP2,CDKN2C,ADCY6,VEGFB,ARL4A,CIDEA,UCK1"
"HALLMARK_ANDROGEN_RESPONSE",1,1,-0.183284047777158,-0.506530335790262,446,100,"SELENOP,CCND1,HOMER2,UAP1,SORD,LIFR,ITGAV,ZMIZ1,GPD1L,ANKH,MAF,KLK3,MYL12A,LMAN1,ZBTB10,NKX3-1,HMGCR,TSC22D1,ELOVL5,SEC24D,AZGP1,SRP19,TNFAIP8,MAK,SPDEF,RAB4A,CENPN,AKAP12,CDK6,SRF"
"HALLMARK_APOPTOSIS",1,1,0.205746252850507,0.414932340813119,9832,161,"CDKN1A,JUN,PLPPR4,GADD45A,LGALS3,APP,ERBB3,PMAIP1,PSEN2,GSR,BTG2,LMNA,CREBBP,BTG3,GPX4,CDC25B,GPX1,ATF3,MCL1,BMP2,CASP4,AIFM3,SAT1,PDCD4,RELA,CTNNB1,HMOX1,RHOT2,TIMP3,PDGFRB,MMP2,HMGB2,GPX3,BCAP31,DAP,BCL2L11,BCL2L2,TIMP1,H1-0,TGFB2,DNM1L,SOD1,SLC20A1,ENO2,SQSTM1,SPTAN1,TSPO,TXNIP,CCNA1,BID,BCL2L1,MADD"
"HALLMARK_COAGULATION",1,1,-0.208574565851891,-0.598956380603905,227,138,"KLK8,P2RY1,HPN,FBN1,C3,DCT,PRSS23,C8G,FN1,ITGB3,ANXA1,VWF,APOC2,PLAT,F8,GNG12,ANG,CAPN5,CPB2,CFB,CLU,MSRB2,PROS1,SERPINC1,MMP15,MASP2,F2,RAPGEF3,FGG,PROC,RGN,SERPINB2,OLR1,RABIF"
"HALLMARK_COMPLEMENT",1,1,-0.255480860572803,-0.765392261488618,90,200,"L3MBTL4,CXCL1,CR2,C3,PIM1,APOBEC3G,KCNIP2,FN1,CR1,S100A9,PLAT,ZFPM2,ACTN2,GZMK,F8,PCSK9,SCG3,CD55,IRF1,HSPA5,DGKG,ANG,FDX1,PIK3CA,GRB2,EHD1,LIPA,CTSC,MMP13,MMP12,S100A12,CTSL,IRF7,PLA2G4A,CFB,CLU,GZMB,KYNU,PRSS36,SERPINC1,MMP15,JAK2,COL4A2,F2,VCPIP1,F7,CD46,DOCK4,GCA,WAS,SERPINB2,GNG2,PRDM4,OLR1,ME1,RABIF,ATOX1,RBSN,CTSB,IL6,DPP4,F5"
"HALLMARK_DNA_REPAIR",1,1,0.225735157546157,0.454182231156167,9810,150,"VPS37D,POLR1H,POM121,PDE4B,XPC,ADRM1,UPF3B,SUPT5H,ERCC5,POLR2A,GTF2F1,ZWINT,POLA1,GSDME,GPX4,REV3L,SUPT4H1,AGO4,EDF1,SSRP1,NELFE,MPG,SEC61A1,TYMS,SURF1,NELFCD,AAAS,TARBP2,RAD52,ERCC4,ALYREF,TAF10,STX3,BCAP31,DGCR8,IMPDH2,CETN2,USP11,ITPA,NFX1,TP53,DAD1,DGUOK,RFC2,TK2,RNMT,AK1,RBX1,POLR3GL,SF3A3,NELFB,POLD4,ERCC1,RAE1,GTF3C5,TAF1C,NPR2"
"HALLMARK_E2F_TARGETS",1,1,0.25767900770988,0.523443964954407,9910,200,"CDKN1A,PDS5B,GINS1,PNN,HMGB3,POLE,KIF18B,RNASEH2A,HMGA1,JPT1,EXOSC8,CDK1,TCF19,CDC25B,CKS1B,CTCF,ORC6,TMPO,DEK,SYNCRIP,USP1,DIAPH3,PA2G4,H2AZ1,BIRC5,TK1,SSRP1,SRSF2,LUC7L3,NASP,MCM7,DDX39A,SHMT1,POLD2,TRA2B,EZH2,TUBG1,BARD1,CENPE,HELLS,MCM3,MTHFD2,CBX5,PTTG1,HNRNPD,PAN2,PPM1D,E2F8,SUV39H1,HMGB2,PRDX4,CCNB2,NAP1L1,SMC4,STMN1,LMNB1,ILF3,KIF22,PRPS1,MELK,CHEK1,GINS4,ANP32E,CENPM,RRM2,RANBP1,SNRPB,NOP56,TP53,RAD50,DLGAP5,XRCC6,TACC3,RFC2,UBR7,CDKN2A,SPC24,SMC6,RPA1,CDCA3,RAD1,STAG1,UBE2T,TBRG4,CTPS1,CCNE1,TIMELESS,POLE4,NME1,NUP153,NUP205,PAICS,TUBB,RBBP7,CDC25A,RFC1,DCLRE1B,NCAPD2,CDCA8,MKI67,CDKN1B,MYC,ASF1B"
"HALLMARK_EPITHELIAL_MESENCHYMAL_TRANSITION",1,1,-0.209697417859489,-0.628230155965288,90,200,"PTX3,CXCL8,IL32,LRRC15,FSTL1,RGS4,SDC4,CXCL1,NTM,FBN1,VCAM1,INHBA,THY1,TNC,SGCD,SPOCK1,SLC6A8,MFAP5,PLOD2,SERPINH1,COL5A2,LAMC2,SGCG,FOXC2,FN1,COL6A3,ITGB3,PCOLCE2,PCOLCE,ITGAV,GPX7,WNT5A,PTHLH,TAGLN,OXTR,COL11A1,VCAN,GADD45B,GJA1,CRLF1,BDNF,CXCL6,ECM1,FBLN5,SLIT3,VEGFA,SERPINE2,COL4A2,SFRP4,FBN2,FAS,COL6A2,IL15,TPM1,PRSS2,FUCA1,FGF2,BGN,LOXL1,IGFBP2,ECM2,WIPF1,BMP1,LAMA1,GLIPR1,PLOD1,ANPEP"
"HALLMARK_ESTROGEN_RESPONSE_LATE",1,1,-0.271664580975997,-0.813876888990374,90,200,"IGSF1,CYP26B1,CCN5,HSPA4L,TNNC1,PAPSS2,EMP2,CISH,SLC16A1,CCND1,HOMER2,PRSS23,LSR,KLF4,STIL,LAMC2,SEMA3B,SORD,TSPAN13,S100A9,TOB1,ATP2B4,KLK10,TRIM29,RPS6KA2,DNAJC12,CA12,TST,PLK4,KRT13,BATF,TIAM1,SOX3,PPIF,KCNK5,BAG1,EGR3,TOP2A,BCL2,JAK2,ELOVL5,NRIP1,SCARB1,PLAC1,PKP3,SIAH2,RABEP1,PDZK1,OLFM1,DHCR7,NXT1,CHPT1,TH,BLVRB,FABP5"
"HALLMARK_FATTY_ACID_METABOLISM",1,1,-0.257910096857189,-0.749003359781084,167,158,"PPARA,HCCS,CBR3,ACAA2,CYP4A22,TP53INP2,CYP1A1,HADHB,AADAT,SDHD,RETSAT,EHHADH,AQP7,ETFDH,UROS,OSTC,ALDH9A1,CPT2,ECI1,HSDL2,GAD2,S100A10,ECH1,XIST,ADH1C,HSD17B11,TDO2,MLYCD,CEL,FH,ELOVL5,D2HGDH,SUCLG1,BLVRA,ACSL5,NBN,ALDH1A1,ME1,MDH1,HIBCH,HAO2,HADH,GPD1,ACADS,FABP1,CPOX,MCEE,PTS,UGDH,DECR1,IL4I1,ADIPOR2,BCKDHB,PDHB,HSD17B10,UBE2L6,PSME1,CA6,BMPR1B,NSDHL,HMGCL,CPT1A,PDHA1,SUCLA2,CIDEA"
"HALLMARK_G2M_CHECKPOINT",1,1,0.233862161982451,0.475062902519126,9910,200,"CHAF1A,EWSR1,PDS5B,UBE2C,NCL,HMGB3,TROAP,RBM14,POLE,SLC12A2,HMGA1,NUMA1,ODC1,JPT1,DMD,EGF,TGFB1,CDK1,CDC25B,CKS1B,CTCF,ORC6,NDC80,TMPO,SYNCRIP,UPF1,ODF2,MEIS1,TNPO2,H2AZ1,NUP98,MEIS2,BIRC5,SRSF2,NASP,DDX39A,HNRNPU,CENPF,TRA2B,CDC6,EZH2,SMARCC1,YTHDC1,ATRX,BARD1,CENPE,ORC5,SLC7A1,MCM3,PRMT5,PTTG1,KNL1,HNRNPD,E2F4,SUV39H1,CCNB2,PML,SRSF10,SMC4,STMN1,TENT4A,LMNB1,KPNB1,HIF1A,E2F3,ILF3,PBK,KIF22,SLC7A5,EXO1,KIF23,ABL1,CHEK1,PAFAH1B1,RAD23B"
"HALLMARK_GLYCOLYSIS",1,1,-0.208944595978787,-0.625974785287122,90,200,"AURKA,AK3,P4HA1,IRS2,EFNA3,CLDN3,PLOD2,CYB5A,CTH,GLRX,STC1,CHST12,AK4,UGP2,FAM162A,ALDH9A1,PGK1,CACNA1H,SLC35A3,KDELR3,HSPA5,ANG,SDC3,VCAN,IL13RA1,ANGPTL4,B4GALT4,ADORA2B,CAPN5,NANP,CENPA,CLDN9,MIOX,ALDOB,VEGFA,EXT1,PGAM1,RRAGD,EGFR,SRD5A3,LCT,SOX9,ME1,PDK3,MDH1,FUT8,PGM2,SDC2,PLOD1,EXT2,DSC2,CASP6,POLR3K,MXI1,TALDO1,MPI"
"HALLMARK_HEME_METABOLISM",1,1,-0.226046132781082,-0.67720908870497,90,200,"HBD,HBQ1,TENT5C,CLIC2,OSBP2,GLRX5,ALAS2,TFRC,TRAK2,HBB,RBM38,C3,SLC6A8,NUDT4,PDZK1IP1,BNIP3L,TYR,FBXO34,MARCHF8,SMOX,CDR2,CA1,TSPAN5,ICAM4,NNT,OPTN,MFHAS1,VEZF1,UROS,SLC66A2,TMEM9B,HAGH,BCAM,TFDP2,SLC4A1,GYPB,MARCHF2,ISCA1,DCAF10,TMCC2,HTATIP2,CLCN3,FECH,NARF,BPGM,SLC11A2,BLVRA,GDE1,EPB41,TRIM58,RHD,GATA1,RAP1GAP,KLF1"
"HALLMARK_HYPOXIA",1,1,-0.210019098480621,-0.629193875351288,90,200,"NOCT,PPARGC1A,CCN5,SDC4,SRPX,P4HA1,ACKR3,PIM1,IRS2,EFNA3,BNIP3L,TMEM45A,GLRX,PKP1,HS3ST1,ALDOC,STC1,AK4,IDS,FBP1,CSRP2,UGP2,FAM162A,PGK1,DUSP1,PLIN2,PDK1,CA12,KDELR3,NCAN,HSPA5,SDC3,DTNA,ANGPTL4,ADORA2B,B4GALNT2,ANXA2,BCAN,IGFBP1,ALDOB,VEGFA,BCL2,STBD1,EXT1,RRAGD,EFNA1,EGFR"
"HALLMARK_IL2_STAT5_SIGNALING",1,1,-0.2652402854262,-0.788543758815149,84,199,"HOPX,EMP1,P4HA1,CISH,MAP6,PIM1,PNP,SOCS1,IKZF4,GBP4,AHR,ADAM19,PRAF2,NCOA3,CD48,CD86,EOMES,SMPDL3A,ITGAV,TNFRSF8,CDC42SE2,TNFSF10,IRF4,TRAF1,MAPKAPK2,TWSG1,PLIN2,CCR4,SLC29A2,GADD45B,AMACR,LRIG1,BATF,TIAM1,ECM1,SERPINC1,ITGAE,BCL2,GPR65,SELL,CSF2,PDCD2L,RRAGD,TNFRSF1B,CSF1,GUCY1B1,MXD1,GATA1,MAP3K8,IL2RB,WLS,SHE,IL1RL1,PRKCH,GLIPR2,FGL2"
"HALLMARK_INTERFERON_ALPHA_RESPONSE",1,1,-0.171023725185669,-0.468633699507877,466,97,"SAMD9,GBP4,ADAR,RTP4,SAMD9L,CASP8,IRF1,CD74,IFIT2,LGALS3BP,GMPR,DHX58,IFI44L,IRF7,EIF2AK2,LY6E,NMI,SELL,IFI35,CSF1,IL15,BATF2,USP18,SP110,OASL"
"HALLMARK_INTERFERON_GAMMA_RESPONSE",1,1,-0.256495870279241,-0.768433117750422,90,200,"SOCS3,VAMP5,VCAM1,CCL2,PIM1,SSPN,PNP,SOCS1,PTGS2,GBP4,PSMB10,ADAR,RTP4,NCOA3,SAMD9L,CD86,CASP8,ISOC1,TNFSF10,IRF4,HLA-G,IRF1,CD74,SPPL2A,HLA-DQA1,APOL6,CD40,OAS2,HLA-DMA,IFIT1,TNFAIP2,IFIT2,GCH1,NLRC5,LGALS3BP,DHX58,SECTM1,IFI44L,IRF7,PLA2G4A,CFB,EIF2AK2,LY6E,NMI,ZBP1,CIITA,JAK2,SLAMF7,IFI35,FAS,BPGM,IL15,BATF2,IL2RB,OAS3,USP18,SP110,FGL2,NOD1,OASL,SAMHD1,TOR1B,IRF5,LYSMD2,IL6,SOD2,TDRD7"
"HALLMARK_KRAS_SIGNALING_UP",1,1,-0.26211508155182,-0.78526765014576,90,200,"HSD11B1,GFPT2,MAFB,EMP1,TRIB1,INHBA,PTPRR,ETV5,CLEC4A,KLF4,PTCD2,PTGS2,SEMA3B,TSPAN13,GLRX,TPH1,PLAT,ADAM17,PLEK2,SCG3,TRAF1,NR0B2,EREG,TSPAN7,ANKH,IL1RL2,MALL,ZNF639,ANGPTL4,CROT,SCG5,H2BC3,HBEGF,CFB,NAP1L2,CSF2,CCL20,PRELID3B,GNG11,TNFRSF1B,TOR1AIP2,LAPTM5,BPGM,ITGB2,PRDM1,FLT4,FUCA1,ADGRA2,SOX9,GABRA3,ADAMDEC1,SNAP91,SATB1,CBR4,TLR8,ZNF277,USP12,HDAC9,ITGBL1,CSF2RA,PLVAP,LIF,SDCCAG8,VWA5A,PLAU,ANXA10,BIRC3,AKAP12,BTBD3,ANO1,PDCD1LG2,DUSP6,ETS1,CAB39L,LAT2,F2RL1"
"HALLMARK_MITOTIC_SPINDLE",1,1,0.191412267164571,0.388819298561481,9915,198,"NET1,DST,TUBGCP3,CDC42,CTTN,NUMA1,PIF1,CLIP1,MYH9,YWHAE,RICTOR,TAOK2,DYNC1H1,HOOK3,VCL,CDK1,PXN,ARHGEF11,CDC42EP1,NDC80,SUN2,BIRC5,RASA1,PLEKHG2,MAP3K11,TRIO,STAU1,CD2AP,SOS1,ANLN,ARHGDIA,CENPF,ABI1,STK38L,FSCN1,CNTROB,SHROOM1,PREX1,SSH2,RHOT2,TLK1,CENPE,TUBA4A,ALMS1,ARHGEF2,RANBP9,ALS2,ARFIP2,PDLIM5,CCNB2,FLNB,SMC4,LMNB1,NCK2,MID1IP1,BCL2L11,NIN,KIF22,KIF23,ABL1,ATG4B,PAFAH1B1,CAPZB,SPTAN1,ARF6,ARHGAP4,ARL8A,DLGAP5,NOTCH2,KLC1,WASF2,KIFAP3,BUB1,LLGL1,KIF3B,TTK,RHOF,CDK5RAP2,CLIP2,SEPTIN9,KNTC1,RASA2,TUBGCP6,MYO1E,MAP1S,ROCK1"
"HALLMARK_MTORC1_SIGNALING",1,1,0.23993528410702,0.487399720922727,9910,200,"CDKN1A,DDIT4,SLC1A5,TRIB3,IFI30,TBK1,ASNS,SCD,NUPR1,NUFIP1,SLC2A3,PSAT1,GSR,GPI,PSMC4,IGFBP5,BTG2,GSK3B,INSIG1,PPIA,MAP2K3,MLLT11,HSPA4,NFIL3,SHMT2,ALDOA,PDAP1,PSMD14,GCLC,CANX,ATP5MC1,RIT1,GBE1,DDX39A,GAPDH,PSMC2,GMPS,PSMC6,TUBG1,STIP1,IFRD1,NFKBIB,LDLR,CCT6A,TUBA4A,SLC2A1,MTHFD2,PSMA3,QDPR,SLC6A6,NMT1,PRDX1,TOMM40,CD9,CACYBP,SLC7A5,RAB1A,VLDLR,PSMD12,SQSTM1,RRM2,PSMD13"
"HALLMARK_MYOGENESIS",1,1,0.195671870319002,0.397483910467169,9910,200,"CDKN1A,MYH8,MYF6,HRC,SCD,MYOG,SH3BGR,SPARC,APP,ERBB3,FST,PC,CFD,MAPRE3,KLF5,PSEN2,RYR1,DMPK,COL3A1,LPIN1,MYH9,PTP4A3,DMD,AEBP1,TGFB1,TPM2,WWTR1,ITGB4,MEF2C,FLII,NQO1,AGRN,SORBS3,MYH4,CHRNG,IGF1,TNNT2,APOD,RIT1,MEF2A,ACTC1,SGCA,MYLK,TSC2,MYH11,CAMK2B,CHRNB1,CRAT,ITGA7,PPFIA4,MYH1,IFRD1,NOS1,MYOM2,IGFBP3,PYGM,LARGE1,TNNT1,PDLIM7,TEAD4,GPX3,HSPB8,SVIL,CKB,PICK1,TNNC2,TPD52L1,ACSL1,EFS,MYO1C,EPHB3,CHRNA1,COL15A1,SPTAN1,ENO3,ATP2A1,RB1,TNNT3,BHLHE40,MYOZ1"
"HALLMARK_OXIDATIVE_PHOSPHORYLATION",1,1,-0.203752299753213,-0.610419242920855,90,200,"ATP1B1,HCCS,ACAA2,COX11,CYB5A,HADHB,SDHD,BDH2,NNT,RETSAT,RHOT1,ETFDH,MRPL34,ECI1,MTX2,ISCA1,FDX1,UQCRFS1,ECH1,NDUFB5,SDHB,ACAT1,TIMM9,HADHA,MRPL15,NDUFAB1,FH,COX5A,TIMM8B,SUCLG1,PRDX3,SLC25A4,UQCR11,COX7A2L,UQCR10,MRPL11,MDH1,NDUFB2,MRPS12,NDUFB6,NDUFS1,ATP5PB,COX7B,ATP6V0B,COX6B1,LRPPRC,UQCRQ,NDUFA7,MRPS11,DECR1,DLAT,ETFB,ATP5F1E,PDHB,HSD17B10,PHYH,NDUFA9,NDUFA3,SLC25A5,SLC25A11,CPT1A,TOMM22,PDHA1,SUCLA2,PDK4,LDHB,SLC25A3,NDUFA2,MTRF1,MPC1,BAX,NDUFB7,UQCRC2,POLR2F,ABCB7,GOT2,IDH3B,NDUFB3,COX7A2,COX8A,MGST3"
"HALLMARK_P53_PATHWAY",1,1,0.247887805850961,0.503554313995832,9910,200,"IRAG2,CDKN1A,JUN,PIDD1,DDIT4,TRIB3,IP6K2,IFI30,COQ8A,SESN1,RACK1,GADD45A,POM121,NUPR1,H2AJ,APP,S100A4,NINJ1,FOXO3,ZNF365,XPC,BTG2,ERCC5,ZFP36L1,VAMP8,TGFB1,OSGIN1,ITGB4,PDGFA,TSPYL2,ATF3,BMP2,MDM2,KIF13B,SAT1,IRAK1,CEBPA,VDR,TRAF4,TRAFD1,RAB40C,EPHX1,SEC61A1,ABHD4,BTG1,SLC3A2,DGKA,HMOX1"
"HALLMARK_PEROXISOME",1,1,-0.20573804343402,-0.571165075390975,427,104,"RXRG,PEX2,EPHX2,SLC25A19,PEX11A,ISOC1,RETSAT,EHHADH,ALDH9A1,ECH1,HSD17B11,MLYCD,CEL,TOP2A,GNPAT,ELOVL5,ACSL5,SLC25A4,ALDH1A1,CRABP1,HAO2,DIO1,SOD2,ESR2,FABP6,ABCC5,NUDT19,HSD3B7,PRDX5,HMGCL,PEX11B,TTR,FIS1,UGT2B17,DHCR24,CACNA1B,VPS4B,SERPINA6,ACOT8"
"HALLMARK_PI3K_AKT_MTOR_SIGNALING",1,1,0.165185410393795,0.326774502152005,9583,105,"CDKN1A,TRIB3,TBK1,PITX2,GSK3B,MAP2K3,CDK1,PRKAR2A,RIT1,PLCG1,CFL1,TSC2,ARHGDIA,PTPN11,GNA14,ITPR2,AKT1S1,NFKBIB,PAK4,SLC2A1,SFN,PPP1CA,VAV3,ATF1"
"HALLMARK_PROTEIN_SECRETION",1,1,-0.210831148565309,-0.575767170164919,468,96,"KIF1B,SSPN,TSPAN8,VAMP4,GALC,ATP1A1,CTSC,VAMP3,BET1,CLCN3,LMAN1,ICA1,EGFR,MAPK1,SEC24D,MON2,SEC22B,STX7,RER1,SH3GL2,PAM,ZW10,ARCN1,AP2M1,GOSR2,STX16,STX12,COG2,VPS45,TPD52,COPB2,VPS4B,AP3S1,CLN5,TMED2"
"HALLMARK_TNFA_SIGNALING_VIA_NFKB",1,1,-0.26875288287897,-0.805153765127948,90,200,"PTX3,FOSB,SIK1,GFPT2,SOCS3,SDC4,CXCL1,TRIB1,INHBA,CCL2,TNC,CXCL3,ACKR3,IFNGR2,IRS2,CCND1,TUBB2A,KLF4,ICOSLG,PTGS2,TNFSF9,LAMB3,BCL6,NR4A1,TRAF1,IRF1,DUSP1,BCL3,KLF9,GADD45B,NR4A3,PANX1,EHD1,TNFAIP2,IFIT2,KLF2,GCH1,RCAN1,CD80,CXCL6,HBEGF,SMAD3,KYNU,EGR3,VEGFA,ZBTB10,CSF2,TANK,CCL20,TSC22D1,EFNA1,CSF1,MXD1,IL12B,TNIP1,DNAJB4,SERPINB2,MAP3K8,OLR1"
"HALLMARK_UV_RESPONSE_DN",1,1,-0.234549739651864,-0.677935722018565,211,143,"ID1,PIK3R3,IRS1,RGS4,EFEMP1,CDON,HAS2,TOGARAM1,COL5A2,SCHIP1,ITGB3,FHL2,ZMIZ1,PTEN,ATP2B4,DUSP1,COL11A1,MAPK14,GJA1,MGMT,ADORA2B,DBP,BDNF,SMAD3,ANXA2,ARHGEF9,NR1D2,FBLN5,DDAH1,ICA1"
"HALLMARK_UV_RESPONSE_UP",1,1,0.256081932955779,0.516195322331901,9833,158,"PTPRD,PRKCD,MMP14,PDLIM3,ASNS,HSPA2,ABCB1,NPTXR,PLCL1,BTG2,FMO1,ALDOA,NFKBIA,BTG3,PDAP1,TARS1,PSMC3,POLG2,ATF3,BMP2,CHKA,DDX21,KLHDC3,HNRNPU,ATP6V1F,STARD3,EPHX1,BTG1,ALAS1,CYB5R1,HMOX1,NXF1,STIP1,CTSV,TUBA4A,GRINA,HYAL2,SULT1A1,DGAT1,GPX3,BCL2L11,PARP2,DNAJB1,CXCL2,SHOX2,FURIN,ENO2,SQSTM1,ARRB2,GAL,EIF2S3,CLCN2,BID"
"HALLMARK_XENOBIOTIC_METABOLISM",1,1,-0.176348475922032,-0.528320432667292,90,200,"HSD11B1,CYFIP2,GSTT2,PTGR1,PAPSS2,ATP2A2,CYB5A,HACL1,TYR,CYP1A1,ENPEP,PSMB10,SMOX,PTGES3,FBP1,SERTAD1,RETSAT,VTN,ETFDH,ALDH9A1,ITIH4,ANGPTL3,GCH1,ECH1,ENTPD5,CROT,TAT,ADH1C,CFB,IGFBP1,KYNU,PROS1,TDO2,PINK1,GCKR,UPB1,ESR1,ELOVL5,FAS,SLC35B1"
